key,key:lecturer,title,abstr,time,lectureNature,link
lecture-01,lecturer-01,s,sample-abstract,3.78,THEORETICAL,https://es.wikipedia.org/wiki/Clase
lecture-02,lecturer-01,sa,sample-abstract,3.78,THEORETICAL,https://es.wikipedia.org/wiki/Clase
lecture-03,lecturer-01,sample-title-sample-title-sample-titl,sample-abstract,3.78,THEORETICAL,https://es.wikipedia.org/wiki/Clase
lecture-04,lecturer-01,sample-title-sample-title-sample-title-sample-title-sample-title-sample-ti,sample-abstract,3.78,THEORETICAL,https://es.wikipedia.org/wiki/Clase
lecture-05,lecturer-01,sample-title-sample-title-sample-title-sample-title-sample-title-sample-tit,sample-abstract,3.78,THEORETICAL,https://es.wikipedia.org/wiki/Clase
lecture-06,lecturer-01,<script>alert('sample-title')</script>,sample-abstract,3.78,THEORETICAL,https://es.wikipedia.org/wiki/Clase
lecture-07,lecturer-01,<p>sample-title</p>,sample-abstract,3.78,THEORETICAL,https://es.wikipedia.org/wiki/Clase
lecture-08,lecturer-01,樣本標題,sample-abstract,3.78,THEORETICAL,https://es.wikipedia.org/wiki/Clase
lecture-09,lecturer-01,sample-title-ñ,sample-abstract,3.78,THEORETICAL,https://es.wikipedia.org/wiki/Clase
lecture-10,lecturer-01,sample-title-é,sample-abstract,3.78,THEORETICAL,https://es.wikipedia.org/wiki/Clase
lecture-11,lecturer-02,sample-title,s,3.78,THEORETICAL,https://es.wikipedia.org/wiki/Clase
lecture-12,lecturer-02,sample-title,sa,3.78,THEORETICAL,https://es.wikipedia.org/wiki/Clase
lecture-13,lecturer-02,sample-title,sample-abstract-sample-abstract-sample-abstract-sa,3.78,THEORETICAL,https://es.wikipedia.org/wiki/Clase
lecture-14,lecturer-02,sample-title,sample-abstract-sample-abstract-sample-abstract-sample-abstract-sample-abstract-sample-abstract-sam,3.78,THEORETICAL,https://es.wikipedia.org/wiki/Clase
lecture-15,lecturer-02,sample-title,sample-abstract-sample-abstract-sample-abstract-sample-abstract-sample-abstract-sample-abstract-samp,3.78,THEORETICAL,https://es.wikipedia.org/wiki/Clase
lecture-16,lecturer-02,sample-title,<script>alert('sample-abstract')</script>,3.78,THEORETICAL,https://es.wikipedia.org/wiki/Clase
lecture-17,lecturer-02,sample-title,<p>sample-abstract</p>,3.78,THEORETICAL,https://es.wikipedia.org/wiki/Clase
lecture-18,lecturer-02,sample-title,樣本摘要,3.78,THEORETICAL,https://es.wikipedia.org/wiki/Clase
lecture-19,lecturer-02,sample-title,sample-abstract-ñ,3.78,THEORETICAL,https://es.wikipedia.org/wiki/Clase
lecture-20,lecturer-02,sample-title,sample-abstract-é,3.78,THEORETICAL,https://es.wikipedia.org/wiki/Clase
lecture-21,lecturer-01,sample-title,sample-abstract,0.01,THEORETICAL,https://es.wikipedia.org/wiki/Clase
lecture-22,lecturer-01,sample-title,sample-abstract,0.1,THEORETICAL,https://es.wikipedia.org/wiki/Clase
lecture-23,lecturer-01,sample-title,sample-abstract,1.11,THEORETICAL,https://es.wikipedia.org/wiki/Clase
lecture-24,lecturer-01,sample-title,sample-abstract,11.00,THEORETICAL,https://es.wikipedia.org/wiki/Clase
lecture-25,lecturer-01,sample-title,sample-abstract,111.00,THEORETICAL,https://es.wikipedia.org/wiki/Clase
lecture-26,lecturer-01,sample-title,sample-abstract,999.99,THEORETICAL,https://es.wikipedia.org/wiki/Clase
lecture-27,lecturer-01,sample-title,sample-abstract,3.78,BALANCED,https://es.wikipedia.org/wiki/Clase
lecture-28,lecturer-01,sample-title,sample-abstract,3.78,HANDS_ON,https://es.wikipedia.org/wiki/Clase
lecture-29,lecturer-01,sample-title,sample-abstract,3.78,THEORETICAL,
