key,moment,title,author,message,email,link
note-01,2020/12/31 23:59,Esto es un texto de prueba,Esto es un texto de prueba,Esto es un texto de prueba,emaildeprueba@gmail.com,https://github.com/orgs/C1-04-06/repositories
note-02,2020/12/31 00:00,Esto es un texto de prueba,Esto es un texto de prueba,Esto es un texto de prueba,emaildeprueba@gmail.com,https://github.com/orgs/C1-04-06/repositories
note-03,2021/01/01 00:00,Esto es un texto de prueba,Esto es un texto de prueba,Esto es un texto de prueba,emaildeprueba@gmail.com,https://github.com/orgs/C1-04-06/repositories
note-04,2021/02/13 00:00,Esto es un texto de prueba,Esto es un texto de prueba,Esto es un texto de prueba,emaildeprueba@gmail.com,https://github.com/orgs/C1-04-06/repositories
note-05,2021/02/13 12:00,Esto es un texto de prueba,Esto es un texto de prueba,Esto es un texto de prueba,emaildeprueba@gmail.com,https://github.com/orgs/C1-04-06/repositories
note-06,2021/02/13 19:39,Esto es un texto de prueba,Esto es un texto de prueba,Esto es un texto de prueba,emaildeprueba@gmail.com,https://github.com/orgs/C1-04-06/repositories
note-07,2021/02/13 23:59,Esto es un texto de prueba,Esto es un texto de prueba,Esto es un texto de prueba,emaildeprueba@gmail.com,https://github.com/orgs/C1-04-06/repositories
note-08,1990/01/15 09:20,E,Esto es un texto de prueba,Esto es un texto de prueba,emaildeprueba@gmail.com,https://github.com/orgs/C1-04-06/repositories
note-09,1990/01/15 09:20,Es,Esto es un texto de prueba,Esto es un texto de prueba,emaildeprueba@gmail.com,https://github.com/orgs/C1-04-06/repositories
note-10,1990/01/15 09:20,Esta proposicion contiene 40 caracteres.,Esto es un texto de prueba,Esto es un texto de prueba,emaildeprueba@gmail.com,https://github.com/orgs/C1-04-06/repositories
note-11,1990/01/15 09:20,Esta proposicion contiene 74 caracteres para hacer tests en una appweb :>.,Esto es un texto de prueba,Esto es un texto de prueba,emaildeprueba@gmail.com,https://github.com/orgs/C1-04-06/repositories
note-12,1990/01/15 09:20,Esta proposicion contiene 75 caracteres para hacer tests en una aplicacion.,Esto es un texto de prueba,Esto es un texto de prueba,emaildeprueba@gmail.com,https://github.com/orgs/C1-04-06/repositories
note-13,1990/01/15 09:20,Для,Esto es un texto de prueba,Esto es un texto de prueba,emaildeprueba@gmail.com,https://github.com/orgs/C1-04-06/repositories
note-14,1990/01/15 09:20,सम्पुट,Esto es un texto de prueba,Esto es un texto de prueba,emaildeprueba@gmail.com,https://github.com/orgs/C1-04-06/repositories
note-15,1990/01/15 09:20,<p>Mi gato es muy gruñon</p>,Esto es un texto de prueba,Esto es un texto de prueba,emaildeprueba@gmail.com,https://github.com/orgs/C1-04-06/repositories
note-16,1990/01/15 09:20,<script>alert('hi?')</script>,Esto es un texto de prueba,Esto es un texto de prueba,emaildeprueba@gmail.com,https://github.com/orgs/C1-04-06/repositories
note-17,1990/01/15 09:20,Esto es un texto de prueba,E,Esto es un texto de prueba,emaildeprueba@gmail.com,https://github.com/orgs/C1-04-06/repositories
note-18,1990/01/15 09:20,Esto es un texto de prueba,Es,Esto es un texto de prueba,emaildeprueba@gmail.com,https://github.com/orgs/C1-04-06/repositories
note-19,1990/01/15 09:20,Esto es un texto de prueba,Esta proposicion contiene 40 caracteres.,Esto es un texto de prueba,emaildeprueba@gmail.com,https://github.com/orgs/C1-04-06/repositories
note-20,1990/01/15 09:20,Esto es un texto de prueba,Esta proposicion contiene 74 caracteres para hacer tests en una appweb :>.,Esto es un texto de prueba,emaildeprueba@gmail.com,https://github.com/orgs/C1-04-06/repositories
note-21,1990/01/15 09:20,Esto es un texto de prueba,Esta proposicion contiene 75 caracteres para hacer tests en una aplicacion.,Esto es un texto de prueba,emaildeprueba@gmail.com,https://github.com/orgs/C1-04-06/repositories
note-22,1990/01/15 09:20,Esto es un texto de prueba,Для,Esto es un texto de prueba,emaildeprueba@gmail.com,https://github.com/orgs/C1-04-06/repositories
note-23,1990/01/15 09:20,Esto es un texto de prueba,सम्पुट,Esto es un texto de prueba,emaildeprueba@gmail.com,https://github.com/orgs/C1-04-06/repositories
note-24,1990/01/15 09:20,Esto es un texto de prueba,<p>Mi gato es muy gruñon</p>,Esto es un texto de prueba,emaildeprueba@gmail.com,https://github.com/orgs/C1-04-06/repositories
note-25,1990/01/15 09:20,Esto es un texto de prueba,<script>alert('hi?')</script>,Esto es un texto de prueba,emaildeprueba@gmail.com,https://github.com/orgs/C1-04-06/repositories
note-26,1990/01/15 09:20,Esto es un texto de prueba,Esto es un texto de prueba,E,emaildeprueba@gmail.com,https://github.com/orgs/C1-04-06/repositories
note-27,1990/01/15 09:20,Esto es un texto de prueba,Esto es un texto de prueba,Es,emaildeprueba@gmail.com,https://github.com/orgs/C1-04-06/repositories
note-28,1990/01/15 09:20,Esto es un texto de prueba,Esto es un texto de prueba,Esta proposicion contiene 50 caracteres para test.,emaildeprueba@gmail.com,https://github.com/orgs/C1-04-06/repositories
note-29,1990/01/15 09:20,Esto es un texto de prueba,Esto es un texto de prueba,Esta proposicion contiene 99 caracteres para testear la base de datos de mi aplicacion de ACME-L3 .,emaildeprueba@gmail.com,https://github.com/orgs/C1-04-06/repositories
note-30,1990/01/15 09:20,Esto es un texto de prueba,Esto es un texto de prueba,Esta proposicion contiene 100 caracteres para testear la base de datos de mi aplicacion ACME-L3-D02.,emaildeprueba@gmail.com,https://github.com/orgs/C1-04-06/repositories
note-31,1990/01/15 09:20,Esto es un texto de prueba,Esto es un texto de prueba,Для,emaildeprueba@gmail.com,https://github.com/orgs/C1-04-06/repositories
note-32,1990/01/15 09:20,Esto es un texto de prueba,Esto es un texto de prueba,सम्पुट,emaildeprueba@gmail.com,https://github.com/orgs/C1-04-06/repositories
note-33,1990/01/15 09:20,Esto es un texto de prueba,Esto es un texto de prueba,<p>Mi gato es muy gruñon</p>,emaildeprueba@gmail.com,https://github.com/orgs/C1-04-06/repositories
note-34,1990/01/15 09:20,Esto es un texto de prueba,Esto es un texto de prueba,<script>alert('hi?')</script>,emaildeprueba@gmail.com,https://github.com/orgs/C1-04-06/repositories
note-35,1990/01/15 09:20,Esto es un texto de prueba,Esto es un texto de prueba,Esto es un texto de prueba,javolin@alum.us.es,https://github.com/orgs/C1-04-06/repositories
note-36,1990/01/15 09:20,Esto es un texto de prueba,Esto es un texto de prueba,Esto es un texto de prueba,null,https://github.com/orgs/C1-04-06/repositories
note-37,1990/01/15 09:20,Esto es un texto de prueba,Esto es un texto de prueba,Esto es un texto de prueba,emaildeprueba@gmail.com,http://www.example.com
note-38,1990/01/15 09:20,Esto es un texto de prueba,Esto es un texto de prueba,Esto es un texto de prueba,emaildeprueba@gmail.com,http://www.acme.com/a?b
note-39,1990/01/15 09:20,Esto es un texto de prueba,Esto es un texto de prueba,Esto es un texto de prueba,emaildeprueba@gmail.com,null