key,instantationMoment,title,nick,message,email,link
peep-01,2020/12/31 23:59,Sample title,Sample nick,Sample message,sample-email@us.es,http://example.com
peep-02,2020/12/31 00:00,Sample title,Sample nick,Sample message,sample-email@us.es,http://example.com
peep-03,2021/01/01 00:00,Sample title,Sample nick,Sample message,sample-email@us.es,http://example.com
peep-04,2021/01/01 23:59,Sample title,Sample nick,Sample message,sample-email@us.es,http://example.com
peep-05,2022/07/30 00:00,Sample title,Sample nick,Sample message,sample-email@us.es,http://example.com
peep-06,2022/03/11 23:59,A,Sample nick,Sample message,sample-email@us.es,http://example.com
peep-07,2022/03/11 00:00,AB,Sample nick,Sample message,sample-email@us.es,http://example.com
peep-08,2022/01/30 10:02,This sample message has 37 characters,Sample nick,Sample message,sample-email@us.es,http://example.com
peep-09,2022/06/25 00:00,This is a sample message that is able to reach the seventy-four word count,Sample nick,Sample message,sample-email@us.es,http://example.com
peep-10,2022/07/29 23:59,This is a sample title that reaches the limit of seventy-five characters!!!,Sample nick,Sample message,sample-email@us.es,http://example.com
peep-11,2022/03/31 19:23,function myFunc(TestObject) {TestObject.make = "funcTest";},Sample nick,Sample message,sample-email@us.es,http://example.com
peep-12,2022/03/13 18:51,सम्पुटसम्पुटसम्पुट,Sample nick,Sample message,sample-email@us.es,http://example.com
peep-13,2022/02/28 13:17,Для,Sample nick,Sample message,sample-email@us.es,http://example.com
peep-14,2022/02/28 00:00,<li>This object belongs to a list</li>,Sample nick,Sample message,sample-email@us.es,http://example.com
peep-15,2021/02/10 14:57,<script>alert('Hi')</script>,Sample nick,Sample message,sample-email@us.es,http://example.com
peep-16,2022/03/11 23:59,Sample title,A,Sample message,sample-email@us.es,http://example.com
peep-17,2022/03/11 00:00,Sample title,AB,Sample message,sample-email@us.es,http://example.com
peep-18,2022/01/30 10:02,Sample title,This sample message has 37 characters,Sample message,sample-email@us.es,http://example.com
peep-19,2022/06/25 00:00,Sample title,This is a sample message that is able to reach the seventy-four word count,Sample message,sample-email@us.es,http://example.com
peep-20,2022/07/29 23:59,Sample title,This is a sample title that reaches the limit of seventy five characters!!!,Sample message,sample-email@us.es,http://example.com
peep-21,2022/03/31 19:23,Sample title,function myFunc(TestObject) {TestObject.make = "funcTest";},Sample message,sample-email@us.es,http://example.com
peep-22,2022/03/13 18:51,Sample title,सम्पुटसम्पुटसम्पुट,Sample message,sample-email@us.es,http://example.com
peep-23,2022/02/28 13:17,Sample title,Для,Sample message,sample-email@us.es,http://example.com
peep-24,2022/02/28 00:00,Sample title,<li>This object belongs to a list</li>,Sample message,sample-email@us.es,http://example.com
peep-25,2021/02/10 14:57,Sample title,<script>alert('Hi')</script>,Sample message,sample-email@us.es,http://example.com
peep-26,2022/03/11 23:59,Sample title,Sample nick,A,sample-email@us.es,http://example.com
peep-27,2022/06/11 00:00,Sample title,Sample nick,AB,sample-email@us.es,http://example.com
peep-28,2022/01/30 10:02,Sample title,Sample nick,This is a sample message that has fifty characters,sample-email@us.es,http://example.com
peep-29,2022/06/25 00:00,Sample title,Sample nick,This is a sample message that is able to reach the ninety-nine word count without much difficulty .,sample-email@us.es,http://example.com
peep-30,2022/04/08 17:40,Sample title,Sample nick,Here a sample message that is able to reach the one hundred character count without much difficulty.,sample-email@us.es,http://example.com
peep-31,2022/03/31 19:23,Sample title,Sample nick,function myFunc(TestObject) {TestObject.make = "funcTest";},sample-email@us.es,http://example.com
peep-32,2022/05/13 18:51,Sample title,Sample nick,सम्पुटसम्पुटसम्पुट,sample-email@us.es,http://example.com
peep-33,2022/02/28 13:17,Sample title,Sample nick,Для,sample-email@us.es,http://example.com
peep-34,2022/07/30 00:00,Sample title,Sample nick,<li>This object belongs to a list</li>,sample-email@us.es,http://example.com
peep-35,2021/02/10 14:57,Sample title,Sample nick,<script>alert('Hi')</script>,sample-email@us.es,http://example.com
peep-36,2021/02/10 14:57,Sample title,Sample nick,Sample message,,http://example.com
peep-37,2022/01/30 10:02,Sample title,Sample nick,Sample message,sample-email@us.es,
peep-38,2022/04/09 10:02,Sample title,Sample nick,Sample message,,